<?xml version="1.0" encoding="UTF-8"?>
<beans xmlns="http://www.springframework.org/schema/beans"
	xmlns:xsi="http://www.w3.org/2001/XMLSchema-instance" xmlns:aop="http://www.springframework.org/schema/aop"
	xsi:schemaLocation="http://www.springframework.org/schema/beans 
	http://www.springframework.org/schema/beans/spring-beans.xsd
	http://www.springframework.org/schema/aop 
	http://www.springframework.org/schema/aop/spring-aop.xsd">
	
	<bean id="adviceBean" class="com.pkg.capgemini.springAOPDemo.advices.MyAdvice"></bean>
	<bean id="targetBean" class="com.pkg.capgemini.springAOPDemo.targetObject.BankAccount"></bean>
	
	<aop:config>
		<aop:aspect ref="adviceBean">
		<!-- <aop:before method="validate" pointcut="execution(* com.pkg.capgemini.springAOPDemo.targetObject.BankAccount.*(..))"/> -->
		
		<!-- <aop:after method="login" pointcut="execution(* com.pkg.capgemini.springAOPDemo.targetObject.BankAccount.*(..))"/> -->
		
		<aop:around method="managetransaction" pointcut-ref="myPointCut"/>
		
		<aop:pointcut expression="execution(* com.pkg.capgemini.springAOPDemo.targetObject.BankAccount.*(..))" id="myPointCut"/>
		
		
		</aop:aspect>
	</aop:config>
</beans>