<?xml version="1.0" encoding="UTF-8"?>  
<beans xmlns="http://www.springframework.org/schema/beans"  
 xmlns:context="http://www.springframework.org/schema/context"  
 xmlns:p="http://www.springframework.org/schema/p"    
 xmlns:mvc="http://www.springframework.org/schema/mvc"    
 xmlns:xsi="http://www.w3.org/2001/XMLSchema-instance"
 xmlns:tx="http://www.springframework.org/schema/tx"  
 xsi:schemaLocation="http://www.springframework.org/schema/beans   
	http://www.springframework.org/schema/beans/spring-beans-4.0.xsd   
	http://www.springframework.org/schema/context   
	http://www.springframework.org/schema/context/spring-context-4.0.xsd   
	http://www.springframework.org/schema/mvc   
	http://www.springframework.org/schema/mvc/spring-mvc-4.0.xsd
	http://www.springframework.org/schema/tx 
    http://www.springframework.org/schema/tx/spring-tx-4.0.xsd">  
	
	 <context:component-scan  base-package="com.pkg.capgemini"/>
	 <mvc:annotation-driven/>

	 <bean class="org.springframework.web.servlet.view.InternalResourceViewResolver">  
        <property name="prefix" value="/WEB-INF/views/" />  
        <property name="suffix" value=".jsp" />  
    </bean> 
    
    <!-- <bean id="messageSource" class="org.springframework.context.support.ReloadableResourceBundleMessageSource" p:basename="classpath:messages" />
     
    <bean id="complaintDetailsValidator" class="com.pkg.fundsBankServiceDesk.validator.ComplaintDetailsValidator" />
     -->
    <bean id="postPreprocessorBean" class="org.springframework.beans.factory.config.PropertyPlaceholderConfigurer">
		<property name="Location" value="jdbc.properties"></property>
	</bean>
	
	<!-- This bean is required to load ORM persistence and related annotations -->
	<bean class="org.springframework.orm.jpa.support.PersistenceAnnotationBeanPostProcessor" />
	 
	<bean id="ds" class="org.springframework.jdbc.datasource.DriverManagerDataSource">
		<property name="driverClassName" value="${dataBase.driverName}"></property>
		<property name="url" value="${dataBase.url}"></property>
		<property name="username" value="${dataBase.userName}"></property>
		<property name="password" value="${dataBase.password}"></property>
	</bean>
	
	<bean id="entityManagerFactory" class="org.springframework.orm.jpa.LocalContainerEntityManagerFactoryBean">
          <property name="dataSource" ref="ds"/>
          <property name="packagesToScan" value="com.pkg.capgemini.entity"/>
          <property name="persistenceProviderClass" value="org.hibernate.jpa.HibernatePersistenceProvider"/>
          <property name="jpaPropertyMap">
              <map>
                  <entry key="hibernate.dialect" value="org.hibernate.dialect.OracleDialect"/>
                  <entry key="hibernate.temp.use_jdbc_metadata_defaults" value="false"/>
                  <entry key="hibernate.hbm2ddl.auto" value="update"/>
              </map>
          </property>
      </bean>
      
      	<!-- This bean will handle all transaction within an application -->
		<bean id="transactionManager" class="org.springframework.orm.jpa.JpaTransactionManager">
			<property name="entityManagerFactory" ref="entityManagerFactory"/>
		</bean>
	
		<!-- This is required to handle transactions via Annotations like @Transactional -->
		<tx:annotation-driven transaction-manager="transactionManager"/>
	
</beans>