<?xml version="1.0" encoding="UTF-8"?>
<beans xmlns="http://www.springframework.org/schema/beans"
 xmlns:xsi="http://www.w3.org/2001/XMLSchema-instance" xmlns:context="http://www.springframework.org/schema/context"
 xsi:schemaLocation="http://www.springframework.org/schema/beans http://www.springframework.org/schema/beans/spring-beans-4.0.xsd
 http://www.springframework.org/schema/context http://www.springframework.org/schema/context/spring-context-4.0.xsd">

<!-- <context:component-scan base-package="com.capgemini"></context:component-scan> -->

<bean id="employeeBean" class="com.capgemini.assignment.Employee">
	<property name="employeeId" value="1"></property>
	<property name="employeeName" value="ABC"></property>
	<property name="salary" value="12345"></property>
	<property name="businessUnit" value="APPS2"></property>
	<property name="age" value="26"></property>
	<property name="sbu" ref="sbuBean"></property>
</bean>

<bean id="sbuBean" class="com.capgemini.assignment.SBU">
	<property name="subId" value="1"></property>
	<property name="sbuName" value="XYZ"></property>
	<property name="sbuHead" value="PQR"></property>
</bean>

</beans>