<?xml version="1.0" encoding="UTF-8"?><!-- This file was auto-generated from WSDL --><!-- by the Apache Axis2 version: 1.4.1  Built on : Aug 13, 2008 (05:03:35 LKT) --><serviceGroup>
    <service name="CalculatorImplService">
        <messageReceivers>
            <messageReceiver mep="http://www.w3.org/ns/wsdl/in-out" class="com.pkg.capgemini.springsoapwebservicedemo.CalculatorImplServiceMessageReceiverInOut"/>
        </messageReceivers>
        <parameter name="ServiceClass">com.pkg.capgemini.springsoapwebservicedemo.CalculatorImplServiceSkeleton</parameter>
        <parameter name="useOriginalwsdl">true</parameter>
        <parameter name="modifyUserWSDLPortAddress">true</parameter>
        <operation name="add" mep="http://www.w3.org/ns/wsdl/in-out" namespace="http://springSOAPWebServiceDemo.capgemini.pkg.com/">
            <actionMapping>\"\"</actionMapping>
            <outputActionMapping>http://springSOAPWebServiceDemo.capgemini.pkg.com/Calculator/addResponse</outputActionMapping>
        </operation>
    </service>
</serviceGroup>
