<?xml version="1.0" encoding="UTF-8"?>
<beans xmlns="http://www.springframework.org/schema/beans" 
xmlns:xsi="http://www.w3.org/2001/XMLSchema-instance" 
xmlns:aop="http://www.springframework.org/schema/aop" 
xsi:schemaLocation="http://www.springframework.org/schema/beans 
http://www.springframework.org/schema/beans/spring-beans-3.0.xsd">

<bean id="car" class="org.capgemini.com.Car">
</bean>

<bean id="wheel" class="org.capgemini.com.Wheel" autowire="constructor">
</bean>

<bean id="mrfBean" class="org.capgemini.com.MRF">
</bean>

<bean id="bridgeStone" class="org.capgemini.com.BridgeStone">
</bean>

</beans>