<?xml version="1.0" encoding="UTF-8"?>
<beans xmlns="http://www.springframework.org/schema/beans"  
	xmlns:xsi="http://www.w3.org/2001/XMLSchema-instance" 
	xmlns:context="http://www.springframework.org/schema/context"
	xmlns:util="http://www.springframework.org/schema/util"
	xmlns:p="http://www.springframework.org/schema/p"
	xmlns:mvc="http://www.springframework.org/schema/mvc"
	xmlns:tx="http://www.springframework.org/schema/tx"
	xsi:schemaLocation="http://www.springframework.org/schema/beans
     http://www.springframework.org/schema/beans/spring-beans-3.2.xsd
     http://www.springframework.org/schema/context
     http://www.springframework.org/schema/context/spring-context-3.2.xsd
     http://www.springframework.org/schema/util
     http://www.springframework.org/schema/util/spring-util-3.2.xsd
     http://www.springframework.org/schema/mvc
     http://www.springframework.org/schema/mvc/spring-mvc-3.2.xsd
     http://www.springframework.org/schema/tx 
     http://www.springframework.org/schema/tx/spring-tx-3.2.xsd">
	
	 <context:component-scan  base-package="com.pkg.capgemini.trainee"/>
	 <mvc:annotation-driven/>
	 
	 <bean class="org.springframework.web.servlet.view.InternalResourceViewResolver">  
        <property name="prefix" value="/WEB-INF/views/" />  
        <property name="suffix" value=".jsp" />  
    </bean> 
    
    <bean id="messageSource" class="org.springframework.context.support.ReloadableResourceBundleMessageSource" p:basename="classpath:messages" />
     
    <bean id="traineeValidator" class="com.pkg.capgemini.trainee.validator.TraineeValidator" />
    
    <bean id="postPreprocessorBean" class="org.springframework.beans.factory.config.PropertyPlaceholderConfigurer">
		<property name="Location" value="jdbc.properties"></property>
	</bean>
	
	<!-- This bean is required to load ORM persistence and related annotations -->
	<bean class="org.springframework.orm.jpa.support.PersistenceAnnotationBeanPostProcessor" />
	 
	<bean id="ds" class="org.springframework.jdbc.datasource.DriverManagerDataSource">
		<property name="driverClassName" value="${dataBase.driverName}"></property>
		<property name="url" value="${dataBase.url}"></property>
		<property name="username" value="${dataBase.userName}"></property>
		<property name="password" value="${dataBase.password}"></property>
	</bean>
	
	<bean id="entityManagerFactory" class="org.springframework.orm.jpa.LocalContainerEntityManagerFactoryBean">
          <property name="dataSource" ref="ds"/>
          <property name="packagesToScan" value="com.pkg.fundsBankServiceDesk.model"/>
          <property name="persistenceProviderClass" value="org.hibernate.jpa.HibernatePersistenceProvider"/>
          <property name="jpaPropertyMap">
              <map>
                  <entry key="hibernate.dialect" value="org.hibernate.dialect.OracleDialect"/>
                  <entry key="hibernate.temp.use_jdbc_metadata_defaults" value="false"/>
                  <entry key="hibernate.hbm2ddl.auto" value="create"/>
              </map>
          </property>
      </bean>
      
      	<!-- This bean will handle all transaction within an application -->
		<bean id="transactionManager" class="org.springframework.orm.jpa.JpaTransactionManager">
			<property name="entityManagerFactory" ref="entityManagerFactory"/>
		</bean>
	
		<!-- This is required to handle transactions via Annotations like @Transactional -->
		<tx:annotation-driven transaction-manager="transactionManager"/>
	
</beans>