<?xml version="1.0" encoding="UTF-8"?>
<beans xmlns="http://www.springframework.org/schema/beans"
	xmlns:xsi="http://www.w3.org/2001/XMLSchema-instance" 
	xmlns:context="http://www.springframework.org/schema/context"
	xmlns:util="http://www.springframework.org/schema/util"
	xmlns:p="http://www.springframework.org/schema/p"
	xsi:schemaLocation="http://www.springframework.org/schema/beans
     http://www.springframework.org/schema/beans/spring-beans-3.0.xsd
     http://www.springframework.org/schema/context
     http://www.springframework.org/schema/context/spring-context-3.0.xsd
     http://www.springframework.org/schema/util 
     http://www.springframework.org/schema/util/spring-util-3.0.xsd">
		
	<bean id="empBean" class="com.pkg.capgemini.JDBCTemplate.Employee">
		<property name="employeeId" value="1"></property>
		<property name="employeeName" value="ABC"></property>
		<property name="salary" value="#{T(java.lang.Math).random() * 100.0 }"></property>
	</bean>	
	
	<bean id="postPreprocessorBean" class="org.springframework.beans.factory.config.PropertyPlaceholderConfigurer">
		<property name="Location" value="jdbc.properties"></property>
	</bean>
	
	<bean id="ds" class="org.springframework.jdbc.datasource.DriverManagerDataSource">
		<property name="driverClassName" value="${dataBase.driverName}"></property>
		<property name="url" value="${dataBase.url}"></property>
		<property name="username" value="${dataBase.userName}"></property>
		<property name="password" value="${dataBase.password}"></property>
	</bean>
	
	<bean id="jtBean" class="org.springframework.jdbc.core.JdbcTemplate">
		<property name="dataSource" ref="ds"></property>
	</bean>
	
	<bean id="empServiceBean" class="com.pkg.capgemini.service.EmployeeServiceImpl">
		<property name="jt" ref="jtBean"></property>
	</bean>	
</beans>