<?xml version="1.0" encoding="UTF-8"?>
<beans xmlns="http://www.springframework.org/schema/beans"
	xmlns:xsi="http://www.w3.org/2001/XMLSchema-instance" 
	xmlns:context="http://www.springframework.org/schema/context"
	xmlns:util="http://www.springframework.org/schema/util"
	xmlns:p="http://www.springframework.org/schema/p"
	xsi:schemaLocation="http://www.springframework.org/schema/beans
     http://www.springframework.org/schema/beans/spring-beans-3.0.xsd
     http://www.springframework.org/schema/context
     http://www.springframework.org/schema/context/spring-context-3.0.xsd
     http://www.springframework.org/schema/util 
     http://www.springframework.org/schema/util/spring-util-3.0.xsd">

	<bean id="empBean" class="com.pkg.capgemini.expLang.Employee">
		<property name="empId" value="#{personBean.pId}"></property>
		<property name="empName" value="ABC"></property>
		<property name="salary" value="#{T(java.lang.Math).random() * 100.0 }"></property>
	</bean>
	
	<bean id="personBean" class="com.pkg.capgemini.expLang.Person">
		<property name="pId" value="2"></property>
		<property name="pName" value="#{empBean.empName}"></property>
	</bean>
	
	<bean id="city1" class="com.pkg.capgemini.expLang.Citiy">
		<property name="cityName" value="Pune"></property>
		<property name="cityState" value="MH"></property>
	</bean>
	
	<bean id="city2" class="com.pkg.capgemini.expLang.Citiy">
		<property name="cityName" value="Mumbai"></property>
		<property name="cityState" value="MH"></property>
		<property name="cityPopulation" value="12344567889"></property>
	</bean>
	
	<bean id="cityList" class="com.pkg.capgemini.expLang.CityList">
		<property name="cities" >
		<list>
			<value>#{city1}</value>
			<value>#{city2}</value>
		</list>
		</property>

	</bean>
	
	<bean id="postPreprocessorBean" class="org.springframework.beans.factory.config.PropertyPlaceholderConfigurer">
		<property name="Location" value="user.properties"></property>
	</bean>
	
	<bean id="userBean" class="com.pkg.capgemini.expLang.User">
		<property name="uName" value="${userName}"></property>
		<property name="uPassword" value="${password}"></property>
	</bean>
	
</beans>